{
  "deepseek-r1:7b": {
    "average_answer_score": 0.4041180760628515,
    "average_citation_score": 0.43386525775153334,
    "average_answer_count": 0.0
  }
}