{
  "deepseek-r1:7b": {
    "average_answer_score": 0.4390494690412816,
    "average_citation_score": 0.5227562511612032,
    "average_answer_count": 1.3327272727272728
  }
}