{
  "deepseek-r1:7b": {
    "average_answer_score": 0.43840443197985796,
    "average_citation_score": 0.5184366550153403
  }
}